{"ADHD": {"precision": 0.3076923076923077, "recall": 0.3333333333333333, "f1-score": 0.32, "support": 12}, "Bipolar": {"precision": 0.5333333333333333, "recall": 0.5333333333333333, "f1-score": 0.5333333333333333, "support": 15}, "Control": {"precision": 0.15384615384615385, "recall": 0.13333333333333333, "f1-score": 0.14285714285714288, "support": 15}, "Schizophrenia": {"precision": 0.3125, "recall": 0.3333333333333333, "f1-score": 0.3225806451612903, "support": 15}, "accuracy": 0.3333333333333333, "macro avg": {"precision": 0.3268429487179487, "recall": 0.3333333333333333, "f1-score": 0.32969278033794164, "support": 57}, "weighted avg": {"precision": 0.32785087719298245, "recall": 0.3333333333333333, "f1-score": 0.3302029266715175, "support": 57}}