{"ADHD": {"precision": 0.17647058823529413, "recall": 0.25, "f1-score": 0.20689655172413793, "support": 12}, "Bipolar": {"precision": 0.29411764705882354, "recall": 0.3333333333333333, "f1-score": 0.3125, "support": 15}, "Control": {"precision": 0.38461538461538464, "recall": 0.3333333333333333, "f1-score": 0.3571428571428571, "support": 15}, "Schizophrenia": {"precision": 0.5, "recall": 0.3333333333333333, "f1-score": 0.4, "support": 15}, "accuracy": 0.3157894736842105, "macro avg": {"precision": 0.3388009049773756, "recall": 0.31249999999999994, "f1-score": 0.31913485221674875, "support": 57}, "weighted avg": {"precision": 0.3473446058585377, "recall": 0.3157894736842105, "f1-score": 0.3250421311900441, "support": 57}}