{"ADHD": {"precision": 0.0, "recall": 0.0, "f1-score": 0.0, "support": 12}, "Bipolar": {"precision": 0.08333333333333333, "recall": 0.06666666666666667, "f1-score": 0.07407407407407407, "support": 15}, "Control": {"precision": 0.5283018867924528, "recall": 0.7567567567567568, "f1-score": 0.6222222222222221, "support": 37}, "Schizophrenia": {"precision": 0.5833333333333334, "recall": 0.4666666666666667, "f1-score": 0.5185185185185186, "support": 15}, "accuracy": 0.45569620253164556, "macro avg": {"precision": 0.2987421383647799, "recall": 0.32252252252252256, "f1-score": 0.3037037037037037, "support": 79}, "weighted avg": {"precision": 0.37401480773823736, "recall": 0.45569620253164556, "f1-score": 0.4039381153305204, "support": 79}}